Name,quantity,accuracy
area,430,0.7196363636363636
meancurv,965,0.6989090909090908
thickness,945,0.6941818181818183
volume,245,0.7392727272727273
